<annotation>
  <folder>VOC2007</folder>
  <filename>image_29.jpeg</filename>
  <source>
    <database>Coco database</database>
  </source>
  <size>
    <width>512</width>
    <height>288</height>
    <depth>3</depth>
  </size>
  <segmented>0</segmented>
  <object>
    <name>L2</name>
    <pose>Unspecified</pose>
    <truncated>0</truncated>
    <difficult>0</difficult>
    <bndbox>
      <xmin>132</xmin>
      <ymin>116</ymin>
      <xmax>162</xmax>
      <ymax>141</ymax>
    </bndbox>
  </object>
  <object>
    <name>L1</name>
    <pose>Unspecified</pose>
    <truncated>0</truncated>
    <difficult>0</difficult>
    <bndbox>
      <xmin>92</xmin>
      <ymin>138</ymin>
      <xmax>108</xmax>
      <ymax>164</ymax>
    </bndbox>
  </object>
  <object>
    <name>L1</name>
    <pose>Unspecified</pose>
    <truncated>0</truncated>
    <difficult>0</difficult>
    <bndbox>
      <xmin>19</xmin>
      <ymin>177</ymin>
      <xmax>42</xmax>
      <ymax>217</ymax>
    </bndbox>
  </object>
  <object>
    <name>L2</name>
    <pose>Unspecified</pose>
    <truncated>0</truncated>
    <difficult>0</difficult>
    <bndbox>
      <xmin>326</xmin>
      <ymin>102</ymin>
      <xmax>364</xmax>
      <ymax>134</ymax>
    </bndbox>
  </object>
  <object>
    <name>L2</name>
    <pose>Unspecified</pose>
    <truncated>0</truncated>
    <difficult>0</difficult>
    <bndbox>
      <xmin>452</xmin>
      <ymin>85</ymin>
      <xmax>507</xmax>
      <ymax>112</ymax>
    </bndbox>
  </object>
  <object>
    <name>L4</name>
    <pose>Unspecified</pose>
    <truncated>0</truncated>
    <difficult>0</difficult>
    <bndbox>
      <xmin>163</xmin>
      <ymin>75</ymin>
      <xmax>188</xmax>
      <ymax>111</ymax>
    </bndbox>
  </object>
  <object>
    <name>L2</name>
    <pose>Unspecified</pose>
    <truncated>0</truncated>
    <difficult>0</difficult>
    <bndbox>
      <xmin>193</xmin>
      <ymin>74</ymin>
      <xmax>210</xmax>
      <ymax>87</ymax>
    </bndbox>
  </object>
  <object>
    <name>L2</name>
    <pose>Unspecified</pose>
    <truncated>0</truncated>
    <difficult>0</difficult>
    <bndbox>
      <xmin>213</xmin>
      <ymin>69</ymin>
      <xmax>228</xmax>
      <ymax>83</ymax>
    </bndbox>
  </object>
  <object>
    <name>L1</name>
    <pose>Unspecified</pose>
    <truncated>0</truncated>
    <difficult>0</difficult>
    <bndbox>
      <xmin>431</xmin>
      <ymin>74</ymin>
      <xmax>443</xmax>
      <ymax>87</ymax>
    </bndbox>
  </object>
  <object>
    <name>L1</name>
    <pose>Unspecified</pose>
    <truncated>0</truncated>
    <difficult>0</difficult>
    <bndbox>
      <xmin>407</xmin>
      <ymin>67</ymin>
      <xmax>417</xmax>
      <ymax>82</ymax>
    </bndbox>
  </object>
  <object>
    <name>L1</name>
    <pose>Unspecified</pose>
    <truncated>0</truncated>
    <difficult>0</difficult>
    <bndbox>
      <xmin>450</xmin>
      <ymin>69</ymin>
      <xmax>463</xmax>
      <ymax>83</ymax>
    </bndbox>
  </object>
  <object>
    <name>L2</name>
    <pose>Unspecified</pose>
    <truncated>0</truncated>
    <difficult>0</difficult>
    <bndbox>
      <xmin>264</xmin>
      <ymin>62</ymin>
      <xmax>280</xmax>
      <ymax>74</ymax>
    </bndbox>
  </object>
  <object>
    <name>L1</name>
    <pose>Unspecified</pose>
    <truncated>0</truncated>
    <difficult>0</difficult>
    <bndbox>
      <xmin>143</xmin>
      <ymin>85</ymin>
      <xmax>153</xmax>
      <ymax>103</ymax>
    </bndbox>
  </object>
</annotation>
