<annotation>
  <folder>VOC2007</folder>
  <filename>image_15.jpeg</filename>
  <source>
    <database>Coco database</database>
  </source>
  <size>
    <width>512</width>
    <height>288</height>
    <depth>3</depth>
  </size>
  <segmented>0</segmented>
  <object>
    <name>L2</name>
    <pose>Unspecified</pose>
    <truncated>0</truncated>
    <difficult>0</difficult>
    <bndbox>
      <xmin>21</xmin>
      <ymin>183</ymin>
      <xmax>100</xmax>
      <ymax>256</ymax>
    </bndbox>
  </object>
  <object>
    <name>L1</name>
    <pose>Unspecified</pose>
    <truncated>0</truncated>
    <difficult>0</difficult>
    <bndbox>
      <xmin>36</xmin>
      <ymin>158</ymin>
      <xmax>55</xmax>
      <ymax>190</ymax>
    </bndbox>
  </object>
  <object>
    <name>L1</name>
    <pose>Unspecified</pose>
    <truncated>0</truncated>
    <difficult>0</difficult>
    <bndbox>
      <xmin>6</xmin>
      <ymin>128</ymin>
      <xmax>23</xmax>
      <ymax>150</ymax>
    </bndbox>
  </object>
  <object>
    <name>L1</name>
    <pose>Unspecified</pose>
    <truncated>0</truncated>
    <difficult>0</difficult>
    <bndbox>
      <xmin>81</xmin>
      <ymin>132</ymin>
      <xmax>100</xmax>
      <ymax>162</ymax>
    </bndbox>
  </object>
  <object>
    <name>L1</name>
    <pose>Unspecified</pose>
    <truncated>0</truncated>
    <difficult>0</difficult>
    <bndbox>
      <xmin>110</xmin>
      <ymin>118</ymin>
      <xmax>127</xmax>
      <ymax>141</ymax>
    </bndbox>
  </object>
  <object>
    <name>L1</name>
    <pose>Unspecified</pose>
    <truncated>0</truncated>
    <difficult>0</difficult>
    <bndbox>
      <xmin>118</xmin>
      <ymin>103</ymin>
      <xmax>128</xmax>
      <ymax>118</ymax>
    </bndbox>
  </object>
  <object>
    <name>L1</name>
    <pose>Unspecified</pose>
    <truncated>0</truncated>
    <difficult>0</difficult>
    <bndbox>
      <xmin>148</xmin>
      <ymin>89</ymin>
      <xmax>160</xmax>
      <ymax>107</ymax>
    </bndbox>
  </object>
  <object>
    <name>L2</name>
    <pose>Unspecified</pose>
    <truncated>0</truncated>
    <difficult>0</difficult>
    <bndbox>
      <xmin>184</xmin>
      <ymin>76</ymin>
      <xmax>201</xmax>
      <ymax>93</ymax>
    </bndbox>
  </object>
  <object>
    <name>L1</name>
    <pose>Unspecified</pose>
    <truncated>0</truncated>
    <difficult>0</difficult>
    <bndbox>
      <xmin>416</xmin>
      <ymin>71</ymin>
      <xmax>429</xmax>
      <ymax>93</ymax>
    </bndbox>
  </object>
  <object>
    <name>L1</name>
    <pose>Unspecified</pose>
    <truncated>0</truncated>
    <difficult>0</difficult>
    <bndbox>
      <xmin>407</xmin>
      <ymin>68</ymin>
      <xmax>417</xmax>
      <ymax>85</ymax>
    </bndbox>
  </object>
  <object>
    <name>L1</name>
    <pose>Unspecified</pose>
    <truncated>0</truncated>
    <difficult>0</difficult>
    <bndbox>
      <xmin>456</xmin>
      <ymin>72</ymin>
      <xmax>472</xmax>
      <ymax>92</ymax>
    </bndbox>
  </object>
  <object>
    <name>L1</name>
    <pose>Unspecified</pose>
    <truncated>0</truncated>
    <difficult>0</difficult>
    <bndbox>
      <xmin>391</xmin>
      <ymin>63</ymin>
      <xmax>401</xmax>
      <ymax>77</ymax>
    </bndbox>
  </object>
</annotation>
