<annotation>
  <folder>VOC2007</folder>
  <filename>image_491.jpeg</filename>
  <source>
    <database>Coco database</database>
  </source>
  <size>
    <width>512</width>
    <height>288</height>
    <depth>3</depth>
  </size>
  <segmented>0</segmented>
  <object>
    <name>L1</name>
    <pose>Unspecified</pose>
    <truncated>0</truncated>
    <difficult>0</difficult>
    <bndbox>
      <xmin>434</xmin>
      <ymin>153</ymin>
      <xmax>474</xmax>
      <ymax>195</ymax>
    </bndbox>
  </object>
</annotation>
