<annotation>
  <folder>VOC2007</folder>
  <filename>image_46.jpeg</filename>
  <source>
    <database>Coco database</database>
  </source>
  <size>
    <width>512</width>
    <height>288</height>
    <depth>3</depth>
  </size>
  <segmented>0</segmented>
  <object>
    <name>L4</name>
    <pose>Unspecified</pose>
    <truncated>0</truncated>
    <difficult>0</difficult>
    <bndbox>
      <xmin>27</xmin>
      <ymin>148</ymin>
      <xmax>136</xmax>
      <ymax>274</ymax>
    </bndbox>
  </object>
  <object>
    <name>L1</name>
    <pose>Unspecified</pose>
    <truncated>0</truncated>
    <difficult>0</difficult>
    <bndbox>
      <xmin>79</xmin>
      <ymin>118</ymin>
      <xmax>92</xmax>
      <ymax>141</ymax>
    </bndbox>
  </object>
  <object>
    <name>L1</name>
    <pose>Unspecified</pose>
    <truncated>0</truncated>
    <difficult>0</difficult>
    <bndbox>
      <xmin>100</xmin>
      <ymin>121</ymin>
      <xmax>114</xmax>
      <ymax>142</ymax>
    </bndbox>
  </object>
  <object>
    <name>L1</name>
    <pose>Unspecified</pose>
    <truncated>0</truncated>
    <difficult>0</difficult>
    <bndbox>
      <xmin>21</xmin>
      <ymin>116</ymin>
      <xmax>30</xmax>
      <ymax>133</ymax>
    </bndbox>
  </object>
  <object>
    <name>L1</name>
    <pose>Unspecified</pose>
    <truncated>0</truncated>
    <difficult>0</difficult>
    <bndbox>
      <xmin>45</xmin>
      <ymin>112</ymin>
      <xmax>55</xmax>
      <ymax>129</ymax>
    </bndbox>
  </object>
  <object>
    <name>L2</name>
    <pose>Unspecified</pose>
    <truncated>0</truncated>
    <difficult>0</difficult>
    <bndbox>
      <xmin>64</xmin>
      <ymin>90</ymin>
      <xmax>81</xmax>
      <ymax>104</ymax>
    </bndbox>
  </object>
  <object>
    <name>L2</name>
    <pose>Unspecified</pose>
    <truncated>0</truncated>
    <difficult>0</difficult>
    <bndbox>
      <xmin>156</xmin>
      <ymin>88</ymin>
      <xmax>177</xmax>
      <ymax>106</ymax>
    </bndbox>
  </object>
  <object>
    <name>L1</name>
    <pose>Unspecified</pose>
    <truncated>0</truncated>
    <difficult>0</difficult>
    <bndbox>
      <xmin>143</xmin>
      <ymin>94</ymin>
      <xmax>152</xmax>
      <ymax>112</ymax>
    </bndbox>
  </object>
  <object>
    <name>L1</name>
    <pose>Unspecified</pose>
    <truncated>0</truncated>
    <difficult>0</difficult>
    <bndbox>
      <xmin>128</xmin>
      <ymin>87</ymin>
      <xmax>136</xmax>
      <ymax>102</ymax>
    </bndbox>
  </object>
  <object>
    <name>L2</name>
    <pose>Unspecified</pose>
    <truncated>0</truncated>
    <difficult>0</difficult>
    <bndbox>
      <xmin>318</xmin>
      <ymin>93</ymin>
      <xmax>348</xmax>
      <ymax>115</ymax>
    </bndbox>
  </object>
  <object>
    <name>L2</name>
    <pose>Unspecified</pose>
    <truncated>0</truncated>
    <difficult>0</difficult>
    <bndbox>
      <xmin>398</xmin>
      <ymin>101</ymin>
      <xmax>449</xmax>
      <ymax>139</ymax>
    </bndbox>
  </object>
  <object>
    <name>L1</name>
    <pose>Unspecified</pose>
    <truncated>0</truncated>
    <difficult>0</difficult>
    <bndbox>
      <xmin>408</xmin>
      <ymin>69</ymin>
      <xmax>418</xmax>
      <ymax>84</ymax>
    </bndbox>
  </object>
  <object>
    <name>L1</name>
    <pose>Unspecified</pose>
    <truncated>0</truncated>
    <difficult>0</difficult>
    <bndbox>
      <xmin>463</xmin>
      <ymin>75</ymin>
      <xmax>477</xmax>
      <ymax>93</ymax>
    </bndbox>
  </object>
  <object>
    <name>L1</name>
    <pose>Unspecified</pose>
    <truncated>0</truncated>
    <difficult>0</difficult>
    <bndbox>
      <xmin>484</xmin>
      <ymin>76</ymin>
      <xmax>500</xmax>
      <ymax>95</ymax>
    </bndbox>
  </object>
</annotation>
