<annotation>
  <folder>VOC2007</folder>
  <filename>image_94.jpeg</filename>
  <source>
    <database>Coco database</database>
  </source>
  <size>
    <width>512</width>
    <height>288</height>
    <depth>3</depth>
  </size>
  <segmented>0</segmented>
  <object>
    <name>L2</name>
    <pose>Unspecified</pose>
    <truncated>0</truncated>
    <difficult>0</difficult>
    <bndbox>
      <xmin>78</xmin>
      <ymin>146</ymin>
      <xmax>131</xmax>
      <ymax>189</ymax>
    </bndbox>
  </object>
  <object>
    <name>L2</name>
    <pose>Unspecified</pose>
    <truncated>0</truncated>
    <difficult>0</difficult>
    <bndbox>
      <xmin>172</xmin>
      <ymin>110</ymin>
      <xmax>198</xmax>
      <ymax>138</ymax>
    </bndbox>
  </object>
  <object>
    <name>L1</name>
    <pose>Unspecified</pose>
    <truncated>0</truncated>
    <difficult>0</difficult>
    <bndbox>
      <xmin>65</xmin>
      <ymin>135</ymin>
      <xmax>80</xmax>
      <ymax>162</ymax>
    </bndbox>
  </object>
  <object>
    <name>L1</name>
    <pose>Unspecified</pose>
    <truncated>0</truncated>
    <difficult>0</difficult>
    <bndbox>
      <xmin>80</xmin>
      <ymin>120</ymin>
      <xmax>91</xmax>
      <ymax>142</ymax>
    </bndbox>
  </object>
  <object>
    <name>L1</name>
    <pose>Unspecified</pose>
    <truncated>0</truncated>
    <difficult>0</difficult>
    <bndbox>
      <xmin>76</xmin>
      <ymin>92</ymin>
      <xmax>87</xmax>
      <ymax>106</ymax>
    </bndbox>
  </object>
  <object>
    <name>L1</name>
    <pose>Unspecified</pose>
    <truncated>0</truncated>
    <difficult>0</difficult>
    <bndbox>
      <xmin>139</xmin>
      <ymin>103</ymin>
      <xmax>148</xmax>
      <ymax>119</ymax>
    </bndbox>
  </object>
  <object>
    <name>L2</name>
    <pose>Unspecified</pose>
    <truncated>0</truncated>
    <difficult>0</difficult>
    <bndbox>
      <xmin>299</xmin>
      <ymin>84</ymin>
      <xmax>324</xmax>
      <ymax>103</ymax>
    </bndbox>
  </object>
  <object>
    <name>L1</name>
    <pose>Unspecified</pose>
    <truncated>0</truncated>
    <difficult>0</difficult>
    <bndbox>
      <xmin>389</xmin>
      <ymin>66</ymin>
      <xmax>396</xmax>
      <ymax>80</ymax>
    </bndbox>
  </object>
  <object>
    <name>L1</name>
    <pose>Unspecified</pose>
    <truncated>0</truncated>
    <difficult>0</difficult>
    <bndbox>
      <xmin>378</xmin>
      <ymin>66</ymin>
      <xmax>385</xmax>
      <ymax>75</ymax>
    </bndbox>
  </object>
  <object>
    <name>L1</name>
    <pose>Unspecified</pose>
    <truncated>0</truncated>
    <difficult>0</difficult>
    <bndbox>
      <xmin>422</xmin>
      <ymin>78</ymin>
      <xmax>432</xmax>
      <ymax>92</ymax>
    </bndbox>
  </object>
  <object>
    <name>L1</name>
    <pose>Unspecified</pose>
    <truncated>0</truncated>
    <difficult>0</difficult>
    <bndbox>
      <xmin>118</xmin>
      <ymin>92</ymin>
      <xmax>124</xmax>
      <ymax>105</ymax>
    </bndbox>
  </object>
  <object>
    <name>L1</name>
    <pose>Unspecified</pose>
    <truncated>0</truncated>
    <difficult>0</difficult>
    <bndbox>
      <xmin>126</xmin>
      <ymin>91</ymin>
      <xmax>136</xmax>
      <ymax>105</ymax>
    </bndbox>
  </object>
</annotation>
