<annotation>
  <folder>VOC2007</folder>
  <filename>image_40.jpeg</filename>
  <source>
    <database>Coco database</database>
  </source>
  <size>
    <width>512</width>
    <height>288</height>
    <depth>3</depth>
  </size>
  <segmented>0</segmented>
  <object>
    <name>L2</name>
    <pose>Unspecified</pose>
    <truncated>0</truncated>
    <difficult>0</difficult>
    <bndbox>
      <xmin>98</xmin>
      <ymin>132</ymin>
      <xmax>145</xmax>
      <ymax>176</ymax>
    </bndbox>
  </object>
  <object>
    <name>L2</name>
    <pose>Unspecified</pose>
    <truncated>0</truncated>
    <difficult>0</difficult>
    <bndbox>
      <xmin>25</xmin>
      <ymin>108</ymin>
      <xmax>58</xmax>
      <ymax>134</ymax>
    </bndbox>
  </object>
  <object>
    <name>L1</name>
    <pose>Unspecified</pose>
    <truncated>0</truncated>
    <difficult>0</difficult>
    <bndbox>
      <xmin>61</xmin>
      <ymin>135</ymin>
      <xmax>75</xmax>
      <ymax>162</ymax>
    </bndbox>
  </object>
  <object>
    <name>L1</name>
    <pose>Unspecified</pose>
    <truncated>0</truncated>
    <difficult>0</difficult>
    <bndbox>
      <xmin>77</xmin>
      <ymin>144</ymin>
      <xmax>89</xmax>
      <ymax>171</ymax>
    </bndbox>
  </object>
  <object>
    <name>L1</name>
    <pose>Unspecified</pose>
    <truncated>0</truncated>
    <difficult>0</difficult>
    <bndbox>
      <xmin>109</xmin>
      <ymin>111</ymin>
      <xmax>117</xmax>
      <ymax>129</ymax>
    </bndbox>
  </object>
  <object>
    <name>L1</name>
    <pose>Unspecified</pose>
    <truncated>0</truncated>
    <difficult>0</difficult>
    <bndbox>
      <xmin>133</xmin>
      <ymin>107</ymin>
      <xmax>144</xmax>
      <ymax>124</ymax>
    </bndbox>
  </object>
  <object>
    <name>L2</name>
    <pose>Unspecified</pose>
    <truncated>0</truncated>
    <difficult>0</difficult>
    <bndbox>
      <xmin>190</xmin>
      <ymin>72</ymin>
      <xmax>204</xmax>
      <ymax>86</ymax>
    </bndbox>
  </object>
  <object>
    <name>L2</name>
    <pose>Unspecified</pose>
    <truncated>0</truncated>
    <difficult>0</difficult>
    <bndbox>
      <xmin>410</xmin>
      <ymin>240</ymin>
      <xmax>512</xmax>
      <ymax>288</ymax>
    </bndbox>
  </object>
  <object>
    <name>L1</name>
    <pose>Unspecified</pose>
    <truncated>0</truncated>
    <difficult>0</difficult>
    <bndbox>
      <xmin>416</xmin>
      <ymin>66</ymin>
      <xmax>429</xmax>
      <ymax>80</ymax>
    </bndbox>
  </object>
  <object>
    <name>L1</name>
    <pose>Unspecified</pose>
    <truncated>0</truncated>
    <difficult>0</difficult>
    <bndbox>
      <xmin>389</xmin>
      <ymin>68</ymin>
      <xmax>399</xmax>
      <ymax>82</ymax>
    </bndbox>
  </object>
  <object>
    <name>L1</name>
    <pose>Unspecified</pose>
    <truncated>0</truncated>
    <difficult>0</difficult>
    <bndbox>
      <xmin>444</xmin>
      <ymin>73</ymin>
      <xmax>453</xmax>
      <ymax>87</ymax>
    </bndbox>
  </object>
  <object>
    <name>L1</name>
    <pose>Unspecified</pose>
    <truncated>0</truncated>
    <difficult>0</difficult>
    <bndbox>
      <xmin>456</xmin>
      <ymin>72</ymin>
      <xmax>466</xmax>
      <ymax>86</ymax>
    </bndbox>
  </object>
  <object>
    <name>L4</name>
    <pose>Unspecified</pose>
    <truncated>0</truncated>
    <difficult>0</difficult>
    <bndbox>
      <xmin>284</xmin>
      <ymin>54</ymin>
      <xmax>300</xmax>
      <ymax>72</ymax>
    </bndbox>
  </object>
</annotation>
